0.6,411323.926267,638109.95062
0.6,411652.85096,637716.819843
0.6,412241.568662,637899.557298
0.6,412639.691275,638425.996841
0.6,412919.813909,638983.826198
0.6,413152.102327,639242.643499
0.6,413856.672644,639145.174067
0.6,414662.211508,638731.150759
0.6,415428.697175,637809.93485
0.6,415990.423841,636208.814956
0.6,414711.628381,636204.3588
0.6,414713.941369,635511.492908
0.6,415471.668442,635056.700865
0.6,417681.326565,635699.020656
0.6,419050.741486,635528.120149
0.6,423368.127325,632446.833274
0.6,423372.168073,631686.047034
0.6,423029.680519,630950.606753
0.6,423139.138488,630140.560558
0.6,423584.87984,629332.305678
0.6,424251.291319,628575.119961
0.6,423392.342741,627886.657377
0.6,423396.38148,627125.876236
0.6,423942.750556,626771.052285
0.6,425166.747487,625614.024017
0.6,425171.090753,624853.246428
0.6,424647.239007,623876.643324
0.6,424963.7967,623344.051911
0.6,425598.235677,622976.344663
0.6,426043.137919,622507.976693
0.6,426328.7215,621178.271109
0.6,426599.899026,613716.852992
0.6,426495.61425,612633.911978
0.6,426179.1555,610811.570533
0.6,426131.129473,610213.525552
0.6,426121.347369,609248.899568
0.6,426517.481134,606823.985996
0.6,428104.257996,603962.703313
0.6,428292.270927,602007.601349
0.6,428218.125883,601481.828812
0.6,428097.347272,600973.87666
0.6,427914.33348,600497.236174
0.6,427674.349197,600033.834229
0.6,427405.565183,599203.465295
0.6,427526.40344,598470.606477
0.6,427781.542314,597765.758629
0.6,427925.749321,597033.05724
0.6,428290.80195,595740.23601
0.6,429095.523105,594504.63804
0.6,430565.725565,592902.372185
0.6,430055.392322,591436.222668
0.6,430383.668675,590754.660242
0.6,431011.820573,590165.766128
0.6,431421.164299,589041.060369
0.6,431247.551829,587939.440048
0.6,430824.022794,586985.532241
0.6,430540.43534,586009.981558
0.6,430815.358011,584861.665035
0.6,431924.292311,583162.260322
0.6,432233.542605,582362.960147
0.6,432468.918216,579960.105814
0.6,433047.062051,577596.014891
0.6,433286.01102,576895.893003
0.6,433534.222441,576703.027305
0.6,434363.080517,576337.989838
0.6,434600.943375,576149.631687
0.6,434699.520186,575833.410385
0.6,434922.254189,574924.944589
0.6,435992.05463,572121.312258
0.6,436582.698857,571120.803001
0.6,436918.559924,570131.850173
0.6,437221.595024,568726.043299
0.6,437653.78298,567461.717372
0.6,438387.241053,566924.53112
0.6,438603.391303,566613.929933
0.6,440409.033387,564727.915329
0.6,440904.353413,563536.916001
0.6,440970.465475,562858.267206
0.6,440860.30692,562363.675662
0.6,440835.165149,561688.725753
0.6,440930.675999,559212.602362
0.6,441101.368552,558226.986384
0.6,441566.671194,557837.296577
0.6,441403.962073,556807.871351
0.6,445328.561622,543007.152525
0.6,446736.119899,539516.596599
0.6,449020.82655,536561.147155
0.6,450019.662554,535833.952157
0.6,453442.818577,534337.921621
0.6,453452.585505,533509.351564
0.6,452138.632561,533494.054602
0.6,452154.902167,532991.599539
0.6,452266.408028,532648.73178
0.6,452636.282186,531973.762211
0.6,452804.072829,531083.635414
0.6,453065.509538,530271.589808
0.6,453454.435269,529565.208466
0.6,453992.048245,528951.190567
0.6,453472.982164,527989.578826
0.6,452862.331724,527429.982271
0.6,451333.890466,526715.108724
0.6,451508.496111,525911.055927
0.6,451829.006455,525452.816858
0.6,452285.82332,525258.803343
0.6,452911.78461,525211.70455
0.6,453088.337687,525394.89298
0.6,453141.853034,525762.308099
0.6,453233.090263,526048.656678
0.6,453541.300031,525979.823746
0.6,453715.372957,525701.123599
0.6,453989.796489,525160.979975
0.6,454156.381827,524633.151678
0.6,454046.23764,524391.842609
0.6,454822.252595,524555.091831
0.6,455198.773788,525148.325274
0.6,455720.11675,528279.22821
0.6,456865.407876,526785.480867
0.6,457972.523204,525871.155074
0.6,459231.783891,525416.438019
0.6,461958.791565,525081.456705
0.6,465126.315532,523015.45361
0.6,478478.41968,519068.822281
0.6,493212.637399,510061.871751
0.6,495085.461272,508279.759958
0.6,495882.803804,506747.442515
0.6,495972.49624,505743.847264
0.6,495874.603729,504872.193459
0.6,496104.252622,503744.720968
0.6,496800.126325,502812.79061
0.6,498989.423817,501260.794176
0.6,499920.703728,500366.109086
0.6,500934.311103,498630.968802
0.6,502108.847991,495998.281607
0.6,502959.990794,493204.601088
0.6,503036.609433,490968.845426
0.6,503280.878481,490236.054149
0.6,503657.432885,489515.313729
0.6,504178.84091,488956.406802
0.6,504864.919038,488736.478238
0.6,504620.998175,487575.944017
0.6,504456.103318,487132.853193
0.6,505009.665753,486574.76016
0.6,506276.002048,484783.031042
0.6,506790.497569,484215.176751
0.6,509464.220249,483562.305792
0.6,510133.669504,483084.552137
0.6,510921.415154,482328.908624
0.6,512441.529478,481595.730962
0.6,512957.185294,480485.009183
0.6,513488.970073,477540.261929
0.6,513643.615326,477086.582195
0.6,515418.335393,475291.597686
0.6,523497.939574,472284.371857
0.6,525904.224337,470183.954673
0.6,520207.718851,466834.421246
0.6,518255.429282,464437.802289
0.6,516744.417259,459996.764539
0.6,518268.260257,456923.518389
0.6,520339.592146,449688.541436
0.6,521580.765894,446377.911171
0.6,528842.718997,435651.450549
0.6,541135.25939,418351.668605
0.6,542289.838081,414707.888388
0.6,541580.032677,411071.416669
0.6,541215.245358,410648.236307
0.6,539822.191429,409433.445184
0.6,541158.524921,412902.554692
0.6,541408.832509,414799.143276
0.6,540339.818757,415596.188592
0.6,538953.595138,416021.680553
0.6,536029.553214,418047.265333
0.6,534583.371715,418540.211046
0.6,533290.562554,418190.845867
0.6,530774.608011,416516.714652
0.6,529388.314784,416111.506165
0.6,527772.398473,416221.38681
0.6,526247.999144,416637.75245
0.6,524883.710058,417321.557815
0.6,523707.407333,418241.68461
0.6,517203.603836,426295.813218
0.6,514849.77607,427963.252997
0.6,512513.892909,428282.560769
0.6,511883.551998,428367.122623
0.6,503637.537783,425351.68636
0.6,502413.073101,425324.818055
0.6,498401.31773,425239.02926
0.6,496172.840313,424653.957245
0.6,495701.675521,424834.532272
0.6,494036.625686,426413.050113
0.6,493838.179026,426667.204374
0.6,490012.340269,427040.589065
0.6,488614.292672,426565.675106
0.6,484175.029377,423440.996913
0.6,484780.657789,423234.528973
0.6,485366.823072,422919.106094
0.6,485928.187268,422494.622412
0.6,486448.575627,421965.299246
0.6,487404.65718,423744.489872
0.6,489214.742358,424643.430683
0.6,491210.055178,424822.136007
0.6,492759.814972,424431.341357
0.6,495485.224867,422529.623848
0.6,496210.286423,421774.555792
0.6,497202.00485,421138.312483
0.6,498244.434696,421563.025003
0.6,500043.299085,423068.253835
0.6,511814.084744,425534.774494
0.6,513672.715396,424782.280074
0.6,514981.62284,422576.727183
0.6,519907.193428,415289.83931
0.6,522896.654757,413831.421039
0.6,525002.073539,411436.350049
0.6,526166.328419,410633.922886
0.6,528492.620795,410343.408465
0.6,529451.837597,409971.024144
0.6,532654.254214,406159.857141
0.6,539160.78482,401114.910599
0.6,540446.411796,400582.113198
0.6,541713.13712,400329.951145
0.6,542911.790953,399831.43871
0.6,544008.510344,398605.288416
0.6,544239.135537,397778.754709
0.6,544419.771299,396642.653734
0.6,544628.899312,395638.802116
0.6,545020.686101,395211.344201
0.6,545632.507253,395021.709972
0.6,547594.386889,393705.170929
0.6,547115.081416,392929.194554
0.6,548299.8826,392087.201746
0.6,549381.462425,390580.80431
0.6,550183.982258,388839.273747
0.6,550518.745989,387336.721049
0.6,556447.974436,372477.559975
0.6,557526.034001,368308.629968
0.6,557710.020276,363548.56713
0.6,556506.60505,357687.485133
0.6,556134.032666,356900.652502
0.6,555397.566087,356564.160438
0.6,554076.668782,356245.238685
0.6,553003.681342,355504.209979
0.6,547199.412896,349225.513202
0.6,545970.638272,348671.682023
0.6,545075.279327,347924.373099
0.6,540022.9477,339947.723267
0.6,538658.502544,338386.440305
0.6,537093.269132,337694.054584
0.6,536074.450934,336931.496709
0.6,535204.091791,335353.519321
0.6,535356.909235,334003.54081
0.6,537406.195698,333907.329972
0.6,540872.470531,334835.94991
0.6,541764.161468,334508.707213
0.6,543683.237113,332989.040194
0.6,544613.809544,332663.453745
0.6,546246.237131,331611.79727
0.6,549880.429451,326327.908315
0.6,551582.504024,324383.135007
0.6,552750.565298,325307.64377
0.6,554170.098281,325560.941951
0.6,556866.349371,325380.129614
0.6,557984.172303,324777.655625
0.6,559966.287827,322124.444885
0.6,560971.402376,321641.210364
0.6,560946.197605,322401.468987
0.6,560531.94233,324127.392495
0.6,561823.322963,326249.743573
0.6,563516.750766,328295.448026
0.6,564348.991036,329809.627113
0.6,564618.637387,332528.073476
0.6,565370.618158,335553.00307
0.6,566327.943715,338308.811351
0.6,567159.483204,340235.918975
0.6,569398.596101,342738.030211
0.6,572654.939243,344416.750366
0.6,576240.791214,345253.425896
0.6,579501.849368,345237.86693
0.6,578968.468178,346047.282818
0.6,580315.230528,346600.508095
0.6,581808.666857,346303.186626
0.6,583335.011467,345722.071699
0.6,584779.266375,345437.366703
0.6,590499.091652,345660.133957
0.6,593198.429894,345069.659759
0.6,596319.294334,343691.031922
0.6,599533.090641,343025.241354
0.6,602529.566161,344559.876413
0.6,601803.222811,345041.611273
0.6,600992.830436,345311.433612
0.6,600147.099588,345380.479983
0.6,599282.132433,345253.974308
0.6,599250.690603,346014.155138
0.6,620194.669335,341884.362298
0.6,628546.210965,338064.851869
0.6,645889.588696,326031.014816
0.6,647968.338235,323891.693521
0.6,649706.722222,321232.131811
0.6,651247.049553,316040.858267
0.6,652652.259559,312865.887179
0.6,653708.334118,309641.259181
0.6,653390.777827,307252.439207
0.6,653892.855935,305563.945872
0.6,654133.751608,303376.537807
0.6,654264.740914,299369.045005
0.6,656137.287361,294241.2342
0.6,655913.098171,293231.602064
0.6,655106.858952,292119.093966
0.6,653696.757634,286276.428911
0.6,653813.22654,285202.939887
0.6,653713.402263,284127.354715
0.6,651109.399933,275993.06302
0.6,649146.145837,271947.744602
0.6,648454.7884,271096.554595
0.6,647796.755664,269798.176915
0.6,647784.237087,266940.432933
0.6,648213.097568,261941.600973
0.6,647954.193514,259765.414733
0.6,646910.025786,255876.716373
0.6,646742.933579,253850.378046
0.6,645911.597331,250798.016872
0.6,645876.243459,249254.444618
0.6,645544.12887,248625.839683
0.6,640269.551971,246082.858628
0.6,639179.050068,244697.255888
0.6,638125.483268,245449.299403
0.6,637812.177149,244518.421594
0.6,637679.570263,243079.304912
0.6,637162.241601,242315.591281
0.6,636712.138949,241899.724301
0.6,635175.64882,239251.703693
0.6,630618.545308,233711.951288
0.6,629898.710346,232432.066368
0.6,629141.144819,232089.004742
0.6,624206.153154,237912.42061
0.6,622149.205921,238482.232772
0.6,618621.643207,241086.872139
0.6,616729.644778,241384.989263
0.6,616762.697223,240624.931169
0.6,619309.742455,238410.984248
0.6,620785.480783,237433.506761
0.6,623969.005792,236836.481638
0.6,624706.182095,236502.429339
0.6,625030.51956,236013.855984
0.6,625060.957173,234220.085512
0.6,624848.386258,233716.397693
0.6,623440.642223,234006.81943
0.6,622634.955592,233862.055228
0.6,621191.611853,233317.452088
0.6,620379.783624,233181.856914
0.6,619508.685405,233374.687477
0.6,617535.408844,234571.139128
0.6,616014.300494,234396.338042
0.6,612725.320699,233131.151404
0.6,610992.928169,232776.700575
0.6,612840.761542,231998.438729
0.6,624319.749684,231766.059683
0.6,625652.496072,232655.615828
0.6,625505.710222,230568.259553
0.6,620325.505758,224739.350707
0.6,621228.678469,224108.288065
0.6,622325.107772,223680.854978
0.6,624856.945483,223417.556856
0.6,625536.806622,224150.731986
0.6,626000.663105,225313.982084
0.6,626297.52522,225449.779171
0.6,626515.415263,223111.441819
0.6,625776.521486,221319.264359
0.6,622004.441851,217479.306126
0.6,618564.468519,214921.623552
0.6,616371.964031,213879.487036
0.6,611575.571583,212959.301474
0.6,610270.830228,213099.462286
0.6,609601.595139,213642.558893
0.6,608407.607369,215863.434969
0.6,606037.298218,218851.858133
0.6,605360.063662,220306.00851
0.6,605255.703697,218189.920522
0.6,604272.961852,216944.404349
0.6,601776.904719,215592.8058
0.6,599730.045795,213512.675196
0.6,599235.894196,213216.657428
0.6,599220.619955,212608.84658
0.6,599071.17412,211270.707411
0.6,598809.291646,209928.140076
0.6,598473.762221,209307.705171
0.6,597672.590649,209081.345814
0.6,596604.193303,208060.782243
0.6,595909.512464,207693.881271
0.6,595066.218502,207674.752607
0.6,593518.586613,208267.534968
0.6,592843.838363,208404.77258
0.6,591148.920302,208149.868317
0.6,588004.74607,206776.533045
0.6,586498.543399,205814.444034
0.6,587597.336127,205325.126453
0.6,588862.680107,205204.729353
0.6,590048.400197,204660.279566
0.6,590907.481573,202934.764129
0.6,592790.298374,204950.127283
0.6,597170.665462,206093.719427
0.6,599243.199626,207063.357558
0.6,601167.355138,208771.129941
0.6,602377.054115,209050.703737
0.6,603494.334257,207994.551622
0.6,603661.591355,207058.739278
0.6,603508.752688,205964.986224
0.6,603255.661269,205120.969249
0.6,603105.547895,204933.65876
0.6,603281.648446,204057.104019
0.6,603581.150447,203194.593868
0.6,604175.747228,201863.679598
0.6,603502.297126,201238.321085
0.6,603281.753374,200277.819105
0.6,603396.982767,197694.972917
0.6,603184.534223,197088.273749
0.6,602654.869813,196514.177775
0.6,601627.605248,195684.65084
0.6,603492.327444,195886.217267
0.6,604172.406573,195528.449509
0.6,604451.786925,195036.73581
0.6,602686.848284,191771.070939
0.6,599267.651139,188422.767425
0.6,596224.489139,186342.147286
0.6,595409.472836,185789.630264
0.6,592326.509099,184679.597215
0.6,586801.874828,185370.291854
0.6,584888.328702,185159.769434
0.6,584841.204895,185212.416845
0.6,583926.018728,185206.345828
0.6,583656.946145,185146.767572
0.6,583477.506872,185108.564933
0.6,583393.426847,184933.375697
0.6,582096.036815,183609.145652
0.6,581086.404211,183233.275799
0.6,580156.369233,183159.423484
0.6,579266.897604,182896.913221
0.6,578367.296536,181954.710966
0.6,577211.994163,182983.339551
0.6,576829.044806,182942.811073
0.6,575319.160443,182799.864805
0.6,570551.401743,181373.762709
0.6,570217.111074,180551.760621
0.6,570056.812588,179427.596156
0.6,569657.674375,178168.643669
0.6,568778.886342,177034.216808
0.6,567797.591186,176421.995725
0.6,566775.91817,175998.8868
0.6,565777.526881,175377.460848
0.6,570190.235382,176284.03315
0.6,570760.629827,176656.444799
0.6,571056.498625,177449.997748
0.6,571267.353365,178245.240345
0.6,571583.183102,178609.194882
0.6,576071.239656,180017.372129
0.6,587236.557383,178785.459713
0.6,588280.430955,178099.128776
0.6,589203.947619,176547.722905
0.6,589328.287665,175487.680188
0.6,588655.458123,174851.08915
0.6,587220.457498,174607.845492
0.6,584706.373244,175073.249512
0.6,583627.832363,174993.463228
0.6,581509.302511,172797.424702
0.6,578985.283068,172092.061843
0.6,577746.679018,171224.276512
0.6,578306.081261,170618.690148
0.6,578808.588286,169861.676309
0.6,579347.045634,169214.686251
0.6,580013.764093,168952.785439
0.6,585991.918778,169167.255292
0.6,588873.235525,168512.022995
0.6,588270.104784,169799.010869
0.6,587896.422981,171325.556167
0.6,588201.838601,172415.059023
0.6,589669.158602,172415.099855
0.6,589857.85219,170999.553682
0.6,590692.293771,168991.965723
0.6,591745.879092,167205.645142
0.6,592540.300098,166442.698069
0.6,607420.832541,165330.882973
0.6,615919.821513,168361.527661
0.6,638291.205598,171456.416666
0.6,640037.35644,170513.764984
0.6,639574.446542,166838.001823
0.6,639358.25603,166120.642084
0.6,639060.540135,165444.814782
0.6,638689.018673,164887.964093
0.6,638252.71481,164500.39338
0.6,635769.576482,164398.793932
0.6,635413.631176,163987.994651
0.6,635733.48234,161609.226954
0.6,636324.705225,159759.77659
0.6,637607.514025,156863.509227
0.6,638425.437537,152486.118795
0.6,638042.894895,148211.674274
0.6,636784.57648,144604.105003
0.6,634983.436205,142218.74563
0.6,630382.000641,140397.060648
0.6,628528.454983,138836.866977
0.6,627740.317143,138720.377126
0.6,626219.402594,138784.796841
0.6,625401.05664,138445.260795
0.6,624742.388867,137713.990629
0.6,624178.433032,136900.826499
0.6,623666.967158,136321.153453
0.6,622301.476278,135681.987853
0.6,617718.329886,135373.137192
0.6,616366.21323,134940.098228
0.6,614986.718827,133926.2458
0.6,612337.154235,131283.460576
0.6,608961.51908,125889.595948
0.6,608317.394484,124558.657491
0.6,608616.060119,121688.914378
0.6,609544.212306,117417.293512
0.6,607146.909829,116342.304521
0.6,601781.890746,117884.233504
0.6,596976.193807,119266.97889
0.6,594215.317921,118238.624552
0.6,587568.678982,111248.969263
0.6,584786.235986,109858.3256
0.6,569642.267752,106072.282093
0.6,567061.021808,104815.847319
0.6,566704.92514,104827.078892
0.6,565964.287301,103761.818315
0.6,565307.917039,102563.493721
0.6,565172.59108,102124.451741
0.6,562813.300467,100469.756161
0.6,560312.081833,96656.3289841
0.6,557695.572383,96535.8905102
0.6,556294.21124,96706.5797731
0.6,553026.753968,97823.3143795
0.6,552253.741547,97936.5481795
0.6,549763.764788,97837.3345652
0.6,549116.122658,98190.0802822
0.6,547847.937068,99367.4680297
0.6,546530.351821,99769.4914041
0.6,543526.828856,99903.3106792
0.6,542318.871526,100304.86635
0.6,528754.507707,104864.355289
0.6,526427.971815,105033.711793
0.6,526235.64932,104924.922794
0.6,524549.597886,103974.390638
0.6,521951.617778,104954.125409
0.6,513016.126761,101502.423209
0.6,500939.38973,101254.657146
0.6,489464.94366,97175.4982747
0.6,488838.586334,97382.0506252
0.6,488244.532685,97887.9337905
0.6,487650.383965,98235.4730786
0.6,486994.928384,97962.0076957
0.6,486620.809024,96987.2481945
0.6,487137.892848,94895.8383788
0.6,486823.833626,93750.0931775
0.6,485498.244267,92967.9088066
0.6,483875.9277,93466.6295266
0.6,477371.330721,97493.7464333
0.6,476842.29062,98146.6833428
0.6,477221.385223,99288.2219886
0.6,478154.037923,100035.26796
0.6,480174.561236,100894.134043
0.6,480163.991076,101581.88781
0.6,479453.66503,102091.480313
0.6,478057.010466,103450.73591
0.6,477236.526486,103882.034875
0.6,476900.987871,103505.965063
0.6,476051.225567,103004.723871
0.6,475539.088407,103133.048948
0.6,476216.699983,104627.34011
0.6,475451.254079,105041.615687
0.6,474784.242849,105394.053794
0.6,472555.355843,105778.895405
0.6,470859.400415,105764.602375
0.6,470366.631638,105762.44886
0.6,469042.563308,105360.060358
0.6,468165.94847,103375.382481
0.6,467561.424876,100697.461525
0.6,466630.520092,98585.6706423
0.6,464763.111325,98331.3812248
0.6,463314.937318,99929.1981708
0.6,463953.596097,101878.396824
0.6,465219.833917,103794.773178
0.6,465633.455167,105316.004953
0.6,464347.315281,105983.312405
0.6,464290.082571,105978.080396
0.6,459951.555443,105582.424249
0.6,458906.885161,105235.632914
0.6,461394.917597,103200.756054
0.6,461821.658194,102504.357769
0.6,462027.888185,100348.185592
0.6,461780.970662,99159.6042731
0.6,460864.621198,98284.4975491
0.6,459943.212981,98323.6214372
0.6,458652.479246,98806.7559719
0.6,457497.116593,99522.4857843
0.6,456996.270853,100209.368529
0.6,456514.81838,101235.906481
0.6,454231.449161,102433.510043
0.6,452548.65155,103864.378586
0.6,450219.801784,104646.930066
0.6,449281.072792,105135.751008
0.6,448058.512543,106599.564747
0.6,446610.794033,108342.203567
0.6,438813.542505,112654.111971
0.6,437604.300584,113324.008885
0.6,437609.302679,112631.696181
0.6,438312.763861,112283.863851
0.6,439617.895925,111465.527201
0.6,440488.791582,111336.471697
0.6,442228.405916,109246.078961
0.6,447775.211298,103130.643146
0.6,448408.268172,101625.058021
0.6,448208.366435,100297.325684
0.6,446624.822134,99717.3031417
0.6,442108.359319,99280.7411067
0.6,441072.90395,98919.5436266
0.6,441592.281468,98534.4921709
0.6,442049.025599,98099.2114633
0.6,442054.593383,97406.9164617
0.6,438845.673044,96784.789769
0.6,437036.888017,96111.0178012
0.6,436243.479523,95471.9604009
0.6,435933.848903,95420.0505842
0.6,433617.811868,95825.4914559
0.6,431352.732904,91612.2760281
0.6,431200.324661,91158.8728517
0.6,431074.096654,91130.9737795
0.6,429692.996586,91530.2173744
0.6,428176.739198,92535.4361519
0.6,423336.670737,93434.7532351
0.6,423175.883134,93434.0406457
0.6,421757.562877,93414.3946796
0.6,420203.139026,92946.645741
0.6,417494.385225,91498.0245702
0.6,416211.417197,91190.7499483
0.6,414395.11312,91524.8333302
0.6,411737.168415,92020.5010147
0.6,410160.613217,91935.784505
0.6,408754.081118,91476.2621531
0.6,407413.749634,90745.722872
0.6,407376.442695,90718.5219911
0.6,406176.773443,89757.7339667
0.6,405103.418438,88471.5573494
0.6,404333.661169,87909.8059533
0.6,404028.424451,88669.7333369
0.6,403901.151188,89809.8881554
0.6,403676.632999,90411.5290099
0.6,400964.539218,91166.0269244
0.6,399114.665801,91034.8342478
0.6,398545.948793,91166.1934838
0.6,398299.064054,91582.5559535
0.6,398247.412858,91718.3184853
0.6,397708.069354,93057.884907
0.6,397346.439096,93370.2768646
0.6,396702.912533,92800.5301221
0.6,394257.63979,88816.3429448
0.6,395183.099728,88942.0824564
0.6,396019.571793,89244.5216771
0.6,396804.347491,89737.1686974
0.6,397580.444103,90410.9301342
0.6,399096.777975,87681.9647857
0.6,399918.810809,86849.3098617
0.6,401218.288739,86541.7377098
0.6,402397.023143,86555.6932487
0.6,403432.158276,86325.4834888
0.6,403921.549651,85466.1097977
0.6,403422.395188,83574.4201225
0.6,404464.28278,82905.517901
0.6,404870.075809,82752.0289762
0.6,402411.522048,79709.7504602
0.6,402559.108595,78053.7688745
0.6,401249.007531,77433.4365436
0.6,395483.184634,77313.1907356
0.6,394279.612891,77572.2997085
0.6,388965.791786,80101.1774547
0.6,375863.861828,81620.492517
0.6,373437.115837,83161.6798143
0.6,371931.350941,82952.3710069
0.6,369270.629965,82071.4344562
0.6,368435.439345,81004.0207179
0.6,367540.003361,78633.9498907
0.6,367130.605757,76260.9564306
0.6,367775.031355,75184.5598561
0.6,369558.010644,74590.1819281
0.6,369728.504982,73177.4514701
0.6,368968.722518,71430.7989302
0.6,367961.475115,69862.2295782
0.6,367523.081781,69864.9271468
0.6,367491.51964,74073.203349
0.6,365869.804231,76852.7362521
0.6,351151.297834,88359.0106546
0.6,339064.553849,93043.1290079
0.6,337477.355886,93125.280162
0.6,333356.106979,92225.9981698
0.6,332137.59712,91961.1348057
0.6,329613.364035,90320.1583396
0.6,327941.421975,90148.379884
0.6,325277.381068,90946.1385511
0.6,324452.039976,90700.0641986
0.6,322823.420927,89384.311806
0.6,322461.126798,89181.5012877
0.6,321273.363958,88185.5311023
0.6,320587.61677,87897.2192503
0.6,319852.867304,87980.8520278
0.6,318502.66107,88603.6623109
0.6,317703.360282,88779.1225401
0.6,316348.891386,88569.8292236
0.6,313962.446571,87504.2998977
0.6,311075.884586,86855.6463393
0.6,310240.172165,85752.0397364
0.6,309576.187872,84283.5155576
0.6,308479.538354,82781.8842148
0.6,303304.439338,80602.8809905
0.6,301708.363353,80714.0620227
0.6,300526.841047,81121.0887087
0.6,299594.442491,82048.6352082
0.6,298751.807147,83730.4914904
0.6,297882.985565,86399.7297702
0.6,297604.217606,86853.2782724
0.6,297405.086592,86965.8123524
0.6,297257.419347,87208.6033265
0.6,297037.8058,87448.2896196
0.6,296628.849713,87564.9927932
0.6,296388.452426,87334.3877937
0.6,296297.542083,86811.1445883
0.6,296361.8932,86284.8227377
0.6,297227.718335,85258.3828905
0.6,298090.885711,81416.8679611
0.6,298678.281348,79929.9452499
0.6,297393.727838,78750.9860577
0.6,296222.946306,77235.1333443
0.6,295159.613373,75359.8042381
0.6,294186.079492,73111.7103035
0.6,293337.371844,70087.2578095
0.6,293359.487574,67905.1766604
0.6,294512.98113,63233.558737
0.6,292928.156603,63161.4364617
0.6,291331.149559,62782.2568049
0.6,290084.40904,61889.2933521
0.6,289565.517395,60297.8463928
0.6,290021.374393,58450.6666261
0.6,291240.550378,57827.9330136
0.6,294406.455455,57912.9835924
0.6,294391.334114,57157.429112
0.6,293641.020706,55235.3262273
0.6,293574.964015,54829.30862
0.6,292930.752166,54742.7556807
0.6,292380.449429,54437.1118725
0.6,292001.385343,53874.5561191
0.6,291461.078263,51102.0547257
0.6,290597.646489,50522.3974491
0.6,289493.380232,50902.9247441
0.6,288373.310588,51899.5879671
0.6,287805.424619,49426.7078362
0.6,286268.402907,48545.219967
0.6,284660.203543,48145.4995919
0.6,283895.286983,47094.0093172
0.6,283471.472128,45220.3653387
0.6,282692.789928,42920.062974
0.6,282225.930232,40314.1900386
0.6,282712.724373,37519.7327069
0.6,281629.370306,36987.0303804
0.6,278736.788015,36219.4161432
0.6,277514.584317,36120.7097075
0.6,275926.953809,36546.8228797
0.6,274641.827332,37228.8129015
0.6,273530.48288,37390.9542925
0.6,272451.554597,36239.8307047
0.6,269845.942298,38729.3363144
0.6,265849.771581,43975.8771044
0.6,261277.340988,48380.7295226
0.6,260499.011244,48763.3553619
0.6,259839.998634,48613.2595763
0.6,257993.236461,47625.7432906
0.6,257285.573689,47400.2969292
0.6,256870.228258,47157.9794261
0.6,255884.585535,46098.1549726
0.6,255295.192867,45860.6907319
0.6,254508.756451,46054.2682205
0.6,253787.571336,46508.7522736
0.6,252684.912989,47526.2850128
0.6,252858.215476,47919.8814915
0.6,253165.43334,48961.7173136
0.6,251613.841735,49448.6830972
0.6,250062.375292,50646.942084
0.6,249366.570409,52364.5628591
0.6,250404.084265,54426.8510135
0.6,247783.26167,54320.5931065
0.6,247007.265795,54524.1128807
0.6,246117.19857,55183.8478081
0.6,245715.698094,55910.9503125
0.6,245435.300358,56815.6559589
0.6,244896.02536,57967.9593383
0.6,244406.726662,59825.2074406
0.6,244990.373183,61374.6669099
0.6,245999.134792,62839.2923045
0.6,246810.850352,64404.8981065
0.6,245377.928684,63740.4179212
0.6,244660.734777,63829.4342138
0.6,243899.799646,64490.3661514
0.6,243650.979714,63605.7391111
0.6,243566.881829,63304.8625563
0.6,242999.97274,62520.2724712
0.6,242268.962737,62152.6907175
0.6,241403.280749,62214.8901209
0.6,241382.5921,61527.251543
0.6,242393.354481,60799.6300023
0.6,242648.750418,59664.5398961
0.6,242359.104847,58491.3876198
0.6,241708.820793,57650.5347837
0.6,240780.252473,57379.6112153
0.6,237345.24655,57783.186244
0.6,238492.724876,56027.2687561
0.6,242553.174588,56556.6886995
0.6,244111.187193,55301.5244357
0.6,241619.848273,54682.8515337
0.6,241597.068201,53922.8369001
0.6,242198.044362,54067.8643928
0.6,243585.079558,53863.6268177
0.6,243030.938309,53051.4515862
0.6,245019.266236,52992.7872742
0.6,244998.975662,52300.6283797
0.6,244188.640503,52034.6630994
0.6,243696.386708,51456.0414654
0.6,243592.854262,50698.4233723
0.6,243952.246347,49913.5521273
0.6,243931.969805,49225.921141
0.6,242423.068382,49370.2415005
0.6,241702.099651,50754.659806
0.6,241080.552918,52349.0243212
0.6,239876.254793,53146.063539
0.6,233854.188282,54921.3338441
0.6,230573.460841,54672.2960326
0.6,225309.732487,51583.032818
0.6,222488.108366,50590.0569855
0.6,210758.817564,50308.0871717
0.6,210769.724658,50126.5219488
0.6,210535.381809,49817.8483851
0.6,210163.600463,49559.4048132
0.6,209761.308233,49582.9058817
0.6,208894.846842,52653.4007537
0.6,208388.30312,52753.2614288
0.6,207961.102868,52483.396191
0.6,207565.472873,52126.352511
0.6,207147.59833,51955.8591178
0.6,205703.672082,51872.8103686
0.6,204223.623863,51442.6985965
0.6,203393.391062,50558.4720289
0.6,203899.385092,49108.3012983
0.6,203868.558646,48275.9732347
0.6,203360.732114,47882.5975122
0.6,202673.302829,47187.9280643
0.6,202057.843408,46404.58212
0.6,201781.854502,45699.1875705
0.6,201860.849404,45016.7632922
0.6,202215.69464,44256.099441
0.6,202197.97979,43781.1338414
0.6,201270.411067,41732.0956034
0.6,201125.522227,41121.4690133
0.6,200382.55776,40370.2241083
0.6,196869.604366,41060.6582005
0.6,195492.715783,40542.7313531
0.6,194104.408187,38988.175959
0.6,192830.825046,38308.3255108
0.6,189760.27732,37418.6600037
0.6,188762.955065,36470.5668691
0.6,185575.763283,31433.2678396
0.6,184765.506326,32852.3314843
0.6,184509.424458,36804.3823609
0.6,183628.220522,37664.7732946
0.6,182200.85183,37324.3644062
0.6,182113.981801,36340.2024131
0.6,182186.992802,35068.5808937
0.6,181230.835187,33893.5496263
0.6,181202.383233,33201.4980497
0.6,181621.999345,32858.0442885
0.6,182645.730992,31552.0594693
0.6,182046.252068,31630.932445
0.6,181566.826443,31442.1601233
0.6,180661.09185,30872.2534211
0.6,179959.887939,30393.7150797
0.6,179833.206508,29583.3862512
0.6,179841.989754,28667.7820602
0.6,179517.852357,27874.6790288
0.6,178863.468983,27412.4405737
0.6,176528.283035,26485.7768003
0.6,177338.482415,26483.6099373
0.6,177945.444964,26290.6597239
0.6,178935.070821,25624.2865139
0.6,179288.039995,25559.8327629
0.6,180121.031073,25684.0174836
0.6,180442.484831,25562.0387346
0.6,180588.457454,25071.2361205
0.6,180780.914619,23581.7555119
0.6,181059.230626,23257.7108995
0.6,181332.403792,22308.6506318
0.6,180319.291773,20297.7774444
0.6,178146.261571,17292.9419092
0.6,177478.247588,17166.6369979
0.6,176046.83873,17498.2309693
0.6,175167.535839,17417.3104526
0.6,174659.975508,17012.7450965
0.6,172428.167056,14587.8603388
0.6,171485.935962,12017.9929393
0.6,171215.371074,11431.4130365
0.6,170584.078667,11707.6194376
0.6,169874.440578,12336.1816344
0.6,167825.505308,14830.7898245
0.6,167501.470793,15375.038627
0.6,167228.947712,16161.7749244
0.6,167036.169008,17570.4148927
0.6,167130.5427,18463.5552255
0.6,167135.677989,19251.8250023
0.6,166676.66967,20373.0183808
0.6,164772.878287,23800.9053697
0.6,163693.540637,25248.9112832
0.6,162336.415049,26337.9334842
0.6,158122.880933,28584.9591427
0.6,155250.037189,29246.3823146
0.6,152929.932659,30817.4614513
0.6,151758.494243,31379.5826384
0.6,150265.679371,31358.7132126
0.6,148365.23836,30790.8867679
0.6,146947.378042,29715.7315765
0.6,146895.374712,28190.5824706
0.6,147231.302588,26234.542635
0.6,146380.427158,24779.0362642
0.6,145050.314119,23808.8636188
0.6,143952.813217,23317.4057044
0.6,140971.5543,22509.1833055
0.6,137522.527616,22305.7989795
0.6,134871.747232,23488.5363159
0.6,134288.699832,26904.2888988
0.6,134985.582826,26955.7640079
0.6,135508.30069,27142.9069828
0.6,135839.384252,27584.4082028
0.6,135879.702973,28280.6085856
0.6,135713.917067,28819.274165
0.6,135498.911905,29129.1673269
0.6,135379.422436,29130.5639645
0.6,135096.655906,31243.7712406
0.6,135024.541226,32430.6930015
0.6,135323.440021,32932.6854324
0.6,135475.581879,33296.8984561
0.6,136939.200028,35554.7156095
0.6,137522.035046,35915.8250235
0.6,139657.869683,36595.1637148
0.6,144336.923142,39020.1093603
0.6,146816.257751,39753.6172855
0.6,149643.093602,41396.5473556
0.6,151203.135278,41359.4764465
0.6,153316.121856,39139.5897577
0.6,154720.179265,38358.4390468
0.6,156230.862575,39195.4222245
0.6,157337.081222,40803.6417565
0.6,157892.178078,41879.6731256
0.6,158151.193193,42905.7803378
0.6,158550.155836,43304.5892441
0.6,161091.214928,43189.5628983
0.6,163799.683528,44550.2739785
0.6,172332.116697,52768.9389645
0.6,175024.565608,54488.9607563
0.6,176010.868709,54773.3367906
0.6,176278.105385,55332.9705933
0.6,176390.54499,56619.649982
0.6,176350.987741,58012.4571685
0.6,175974.381921,60266.9417263
0.6,176798.774567,60789.3651955
0.6,177877.608249,60825.3966348
0.6,178410.323116,60753.1501433
0.6,183454.302791,63207.9329517
0.6,183630.551249,63835.0357544
0.6,184362.290375,65309.3265347
0.6,185174.071427,69603.2126883
0.6,185346.847362,71852.5814614
0.6,185664.328712,73756.2266542
0.6,186410.115928,75261.8418931
0.6,187873.962419,76330.6893
0.6,189320.817799,76272.4201973
0.6,189854.824867,76631.5988189
0.6,190819.798179,77666.8303407
0.6,191361.13521,77781.1970731
0.6,191746.048618,77154.265744
0.6,192003.126256,75848.3080828
0.6,192133.207034,74320.8692003
0.6,192143.647987,73051.8874924
0.6,192631.098381,73327.1149332
0.6,192819.731808,73496.3652212
0.6,193101.808217,73838.6321301
0.6,194354.147477,73001.1557593
0.6,197286.927372,72733.1667255
0.6,198407.135893,72119.263456
0.6,197685.500904,73632.9244523
0.6,196477.221557,74422.574736
0.6,194176.317806,75391.1569696
0.6,193125.920496,76868.628171
0.6,193281.827657,77895.4552169
0.6,193675.578599,78808.719952
0.6,193344.02312,79986.1340858
0.6,193371.304499,80678.2396987
0.6,195116.666424,80247.2893569
0.6,200400.731592,80405.8612199
0.6,202459.078358,80998.3440155
0.6,203643.086125,82584.6643486
0.6,204535.908772,84571.6559432
0.6,205720.202999,86357.6742062
0.6,205344.784202,88034.1372306
0.6,205636.312926,89214.6813654
0.6,206363.302185,89722.2351911
0.6,207327.271002,89401.2237389
0.6,212487.179742,93534.8572927
0.6,213363.777512,94884.97931
0.6,213982.131662,96824.2219482
0.6,215362.011708,98292.5806158
0.6,218383.644948,100405.825974
0.6,220430.603531,104211.970676
0.6,220431.813872,114031.692847
0.6,221374.563642,118610.087646
0.6,221892.565804,119525.304505
0.6,222982.812151,122287.065916
0.6,222732.046556,123147.185828
0.6,222523.990447,124748.685454
0.6,222514.655071,126307.137305
0.6,222881.053568,126992.093503
0.6,229130.912369,126781.503068
0.6,229887.395523,126502.896987
0.6,231301.613255,125365.009761
0.6,231995.899287,125097.819134
0.6,236052.554531,124519.147558
0.6,237499.856252,124921.775371
0.6,238574.163779,125648.917664
0.6,243476.575269,130819.018895
0.6,243886.676012,131449.634411
0.6,244220.395209,132105.228569
0.6,244671.704827,132689.367834
0.6,245420.136578,133101.595384
0.6,245013.473538,134187.059421
0.6,244261.589698,137239.320069
0.6,244132.065138,138044.794173
0.6,243914.02329,138748.803278
0.6,242773.332707,140585.937183
0.6,242330.315962,141559.580834
0.6,244663.316784,141289.274589
0.6,245192.911271,141472.550144
0.6,245681.36597,142657.915503
0.6,245614.179164,143832.82296
0.6,245122.351029,144798.630535
0.6,244353.819812,145360.777902
0.6,244374.812891,146053.017374
0.6,249759.372063,148025.409825
0.6,262562.968481,148866.162802
0.6,265205.956879,149792.093961
0.6,266524.264808,149983.973441
0.6,271572.03895,149854.971931
0.6,273110.535312,150115.457133
0.6,275363.58492,151250.864993
0.6,276618.454657,151324.610589
0.6,285596.05575,148744.011803
0.6,291217.017181,148811.751728
0.6,299913.53193,146597.548875
0.6,301959.171147,144584.456113
0.6,303300.393553,143911.714964
0.6,311291.559442,144120.410232
0.6,316338.885823,145610.737651
0.6,318868.7443,145923.126418
0.6,323475.577915,145607.89525
0.6,326221.651933,145970.456892
0.6,328213.354441,147304.483254
0.6,328722.803057,146537.017683
0.6,327742.644964,144962.141552
0.6,328690.148131,144188.527032
0.6,329912.949165,146470.819789
0.6,330165.566082,147277.505343
0.6,330307.151434,148701.233673
0.6,330180.600124,149422.575707
0.6,329947.333835,150023.182075
0.6,329740.277283,151080.559296
0.6,329834.329306,155243.132896
0.6,329656.311767,157359.205795
0.6,328891.896609,158686.854943
0.6,330238.663924,158251.885436
0.6,330957.51114,158558.931362
0.6,330963.365487,158572.430027
0.6,331234.981332,159578.052148
0.6,331300.782538,161306.08391
0.6,331864.218089,162321.393954
0.6,332846.502088,163317.649715
0.6,333304.806076,164348.07483
0.6,332268.81095,165470.604253
0.6,333801.513192,167039.065792
0.6,336017.910482,166558.136145
0.6,338610.157502,169033.558079
0.6,343394.412191,175278.027081
0.6,344643.137194,176264.465546
0.6,345879.909661,176970.729738
0.6,347248.815875,177377.209932
0.6,348888.615375,177496.192968
0.6,350366.321381,178092.493271
0.6,351786.728583,179531.553567
0.6,358004.499348,190012.067392
0.6,358577.374986,190455.383381
0.6,359298.409766,190766.319503
0.6,359910.849865,191250.197108
0.6,360169.363535,192234.761081
0.6,360339.914202,193147.617676
0.6,360728.085886,194171.924261
0.6,361199.854993,195105.100744
0.6,361610.176723,195753.665965
0.6,365596.057277,199897.583095
0.6,367979.035505,203122.266039
0.6,369174.766569,203780.067481
0.6,372139.552032,204794.600697
0.6,373274.488453,205820.288494
0.6,373817.667978,207093.674346
0.6,373644.58021,208357.258438
0.6,372636.440992,209349.273527
0.6,372324.697834,207287.249234
0.6,371076.786369,206131.178265
0.6,369483.839206,205620.154568
0.6,368112.197895,205501.961667
0.6,366811.105136,205017.087751
0.6,365853.301717,203815.130245
0.6,365005.490319,202327.461657
0.6,364017.568173,200976.707034
0.6,359879.395165,198265.382548
0.6,359221.012285,197564.648346
0.6,358584.64837,196483.650565
0.6,354032.329701,191149.039028
0.6,353555.244009,193456.669101
0.6,353529.041746,194494.391094
0.6,353185.476185,195233.290921
0.6,352818.97985,195802.869857
0.6,352782.890292,196148.078531
0.6,352953.297237,196405.137952
0.6,354051.146823,196851.960871
0.6,354344.349126,197260.265302
0.6,354340.510141,197625.287397
0.6,354216.601013,198146.591554
0.6,354000.699493,198763.578437
0.6,353504.239008,200713.791035
0.6,352911.224711,202222.378858
0.6,352823.822544,202800.862205
0.6,352870.993834,203263.126417
0.6,353327.07166,203942.873246
0.6,353559.775214,204406.298598
0.6,353799.413348,205240.410845
0.6,353830.066139,205858.029807
0.6,353389.530085,206827.749579
0.6,353129.024888,207580.280092
0.6,353108.118225,208396.683888
0.6,353228.538388,209073.819056
0.6,353483.08588,209994.000234
0.6,354994.122875,212328.253692
0.6,355499.78012,213898.679129
0.6,355398.072467,213840.755427
0.6,354679.856998,213431.820377
0.6,353401.73089,214279.874619
0.6,352152.749223,215524.597451
0.6,351688.751844,215781.965122
0.6,351141.0943,215853.380208
0.6,349887.015272,215782.423453
0.6,349457.887255,215953.429475
0.6,349140.028874,216209.563021
0.6,348957.978369,216513.190224
0.6,348672.812522,217174.26322
0.6,348487.444693,217495.187209
0.6,347580.486466,218585.251378
0.6,347413.33539,218934.767866
0.6,346697.568363,219890.788208
0.6,340028.435142,225993.413402
0.6,339268.636097,225904.872046
0.6,338581.202123,225634.480562
0.6,336514.943571,224128.353942
0.6,335796.49121,223827.115279
0.6,335310.223161,223752.906322
0.6,334572.821684,223779.748877
0.6,334002.285792,224057.427876
0.6,332546.469124,225378.904603
0.6,332144.976513,225913.207603
0.6,331895.720317,226399.478624
0.6,331805.723251,227225.626567
0.6,331714.839324,227594.7775
0.6,331560.74856,227887.190832
0.6,331447.521065,228049.704785
0.6,329447.304749,229922.888159
0.6,327927.475954,232140.617181
0.6,327900.286666,232193.657192
0.6,325988.790948,235925.850956
0.6,325859.601417,236540.021344
0.6,325767.512964,237380.721622
0.6,325864.746852,237957.029737
0.6,325844.690585,238871.393227
0.6,325710.692078,239393.662732
0.6,325520.337996,239819.049738
0.6,324341.205733,241173.463503
0.6,323715.606062,241737.793537
0.6,323210.863456,241975.522132
0.6,323121.224246,242249.982645
0.6,323079.36222,242520.8309
0.6,323539.29967,244439.630828
0.6,323845.998496,245389.244732
0.6,324075.009221,245779.540809
0.6,324295.679912,246089.48869
0.6,324646.648438,246357.223368
0.6,324713.006365,246531.559112
0.6,324672.548223,246664.398666
0.6,323646.481703,247378.577986
0.6,323153.818962,248015.698298
0.6,323109.204675,248447.564828
0.6,323282.473758,248784.073101
0.6,323892.787996,249131.107843
0.6,325705.844793,249721.626322
0.6,326044.709699,250029.877204
0.6,326317.801457,250436.859489
0.6,326500.139005,251046.413646
0.6,326370.786725,251384.646703
0.6,326043.854219,251513.117511
0.6,325704.998286,251434.826421
0.6,325310.649895,251429.256454
0.6,324885.372703,251599.530454
0.6,324348.272528,252317.703023
0.6,324253.503977,252825.063989
0.6,324347.291606,253295.049642
0.6,327191.678929,257308.303513
0.6,327561.524697,257964.003765
0.6,327920.95388,259243.645015
0.6,328099.591754,259631.972922
0.6,328319.175664,259924.854791
0.6,328608.606694,260167.870264
0.6,329547.875892,260689.039587
0.6,329830.06322,260926.478682
0.6,330052.609728,261190.647655
0.6,330530.772508,261942.757032
0.6,330736.395958,262138.206383
0.6,331023.173673,262335.403994
0.6,331666.73848,262567.909008
0.6,333999.470909,262628.152847
0.6,334425.557164,262835.181385
0.6,334826.959677,263312.766741
0.6,334828.177305,263672.052656
0.6,334659.340274,263973.224907
0.6,334344.505263,264167.116143
0.6,332641.305727,264698.850833
0.6,332332.603506,265073.879892
0.6,332117.106309,265556.875234
0.6,331946.420652,266729.134323
0.6,331935.021712,266924.755385
0.6,332170.927432,267674.614381
0.6,332528.153058,268411.323137
0.6,333016.044703,268919.195315
0.6,334414.547673,269825.951091
0.6,334855.628541,270415.1073
0.6,335021.210091,270818.21639
0.6,334920.82711,271883.089057
0.6,334869.664209,271887.750208
0.6,327170.468028,272595.322751
0.6,326699.701655,273019.123632
0.6,324952.329667,275020.308702
0.6,322537.973448,276796.900488
0.6,320823.764784,278485.774106
0.6,318521.824481,280067.133583
0.6,318297.951977,280346.826669
0.6,318078.482997,280678.202249
0.6,317894.954885,281054.983088
0.6,317717.76416,281598.400284
0.6,317609.965248,282086.039654
0.6,317498.223457,282964.714145
0.6,317501.864056,283390.115587
0.6,317540.820441,283826.42244
0.6,317653.519981,284261.490857
0.6,318467.712622,285587.515496
0.6,318939.989613,286114.383655
0.6,319236.620909,286322.216659
0.6,322389.370529,287518.885351
0.6,324188.117248,288746.945695
0.6,324888.93493,289020.735977
0.6,330114.173307,289276.804579
0.6,330571.088416,289577.883016
0.6,331223.771181,291080.698461
0.6,333011.568009,292668.520751
0.6,333529.974229,293273.727623
0.6,333873.714124,293803.734175
0.6,333938.970245,294222.538343
0.6,333843.057901,294646.397627
0.6,333614.597502,295115.177654
0.6,331956.351068,297086.973951
0.6,331630.391694,297200.763132
0.6,331285.195538,297191.23671
0.6,330957.066445,297026.263767
0.6,329642.389466,295745.698355
0.6,327726.038891,294712.931053
0.6,327456.214849,294481.207873
0.6,327215.512556,294205.945425
0.6,326861.263268,293489.694744
0.6,326642.618257,293171.009145
0.6,326386.24895,292910.393815
0.6,325976.947564,292741.218837
0.6,325475.983107,292656.839039
0.6,324745.517339,292699.647979
0.6,324447.53191,292931.343507
0.6,324434.801502,293242.006819
0.6,324818.067932,293882.902301
0.6,324927.157309,294252.060257
0.6,324933.779601,294683.16186
0.6,324835.972704,295046.876642
0.6,324685.270003,295388.411391
0.6,324167.459646,296347.94931
0.6,323907.879759,297116.660569
0.6,323852.67785,297620.596807
0.6,323883.461214,298246.805756
0.6,324004.697892,298722.120243
0.6,324209.59157,299061.025648
0.6,324465.592488,299310.031362
0.6,326338.40442,300425.526421
0.6,326909.345608,300911.383579
0.6,327354.411951,301531.414628
0.6,327503.358158,301897.157466
0.6,327619.385548,302404.252883
0.6,327836.044324,303918.875779
0.6,327970.843777,304517.691347
0.6,328166.096902,304948.886192
0.6,328418.182304,305203.896334
0.6,329717.77623,305949.628898
0.6,330024.495927,306244.176298
0.6,330256.559829,306821.52941
0.6,330489.857295,307855.948107
0.6,330438.109857,309248.032051
0.6,330528.940437,309979.77742
0.6,330615.44033,310409.744593
0.6,331086.678453,311366.059049
0.6,331431.347537,312398.942844
0.6,331637.533863,312781.244187
0.6,331878.732095,313048.075205
0.6,332167.291673,313207.892885
0.6,332591.218382,313311.227608
0.6,333905.252849,313399.527338
0.6,334323.968386,313638.191383
0.6,334753.261521,314017.606375
0.6,335191.256162,314923.001706
0.6,335274.29894,315261.10165
0.6,335173.530317,315555.660981
0.6,334026.547426,316157.551386
0.6,333709.420421,316443.592018
0.6,333386.735485,316830.344232
0.6,332706.248941,318078.728054
0.6,332613.444718,318177.756484
0.6,332222.579904,318413.180485
0.6,330626.133494,318973.334151
0.6,328743.543307,319259.368801
0.6,328379.351707,319511.965079
0.6,328063.884225,319873.107246
0.6,327605.198333,320796.989108
0.6,327416.678122,321012.543081
0.6,327105.06606,321155.211124
0.6,325027.000988,321359.413491
0.6,323885.335503,321914.809738
0.6,323208.938093,322672.945114
0.6,323201.927919,322696.199378
0.6,322439.569805,325226.584279
0.6,322429.172394,325772.976055
0.6,322465.88424,326433.607946
0.6,322604.39287,326819.497208
0.6,323016.868523,327465.508544
0.6,323265.269766,327760.546005
0.6,324196.156735,328622.690942
0.6,324553.128999,329192.075842
0.6,324629.938765,329653.728798
0.6,324580.373655,330045.48283
0.6,324417.461041,330531.005873
0.6,324288.482472,331070.625808
0.6,324162.016748,331989.694101
0.6,324270.891911,332499.712362
0.6,324504.357225,332861.163947
0.6,325219.752894,333131.762925
0.6,325665.901617,333423.855345
0.6,326120.071446,333902.730407
0.6,326692.51857,335078.43567
0.6,327056.175001,335679.514366
0.6,327455.62659,336124.838372
0.6,328323.58739,336767.317696
0.6,328593.008573,336892.68609
0.6,328930.96108,336953.811865
0.6,329193.365533,337076.441862
0.6,332644.641335,339634.397891
0.6,333395.932967,339971.795121
0.6,334608.434233,340018.417508
0.6,335399.367878,339832.378317
0.6,335706.173885,339664.410077
0.6,336814.838114,338278.48297
0.6,337084.123557,338019.10697
0.6,337389.179863,337836.899048
0.6,337860.506095,337750.30381
0.6,338451.7798,337805.956169
0.6,341094.482603,338586.447039
0.6,341962.278831,338544.287692
0.6,342760.045209,338307.639622
0.6,343106.694753,338102.305382
0.6,346622.006122,334350.930694
0.6,347026.424166,334142.373279
0.6,347664.145012,333965.807248
0.6,348201.395046,334141.104144
0.6,349581.715154,335161.317499
0.6,350255.680161,335470.516035
0.6,351157.721352,335662.507152
0.6,351583.895999,335882.421398
0.6,351844.838669,336262.122345
0.6,351911.824944,336707.010219
0.6,351964.520195,338505.962704
0.6,351909.677347,338926.19774
0.6,351798.830463,339301.001451
0.6,351392.773396,340354.308223
0.6,351249.093672,341249.75876
0.6,351220.058516,341267.807783
0.6,348490.579714,342965.914002
0.6,345974.240816,343372.989141
0.6,345489.19258,343588.315048
0.6,345162.974475,343885.241138
0.6,344678.6276,345057.907731
0.6,343038.414439,346991.620332
0.6,342739.158306,347627.614431
0.6,342596.815028,348189.882509
0.6,342624.634348,348632.255216
0.6,342596.594851,349040.799587
0.6,342180.150394,351006.360081
0.6,341735.451149,352469.23299
0.6,340016.131166,356492.11565
0.6,339669.497826,356993.808644
0.6,336447.188864,360562.921391
0.6,336107.799666,361168.28659
0.6,336099.940533,361256.539643
0.6,336074.737182,361539.583726
0.6,336174.848922,361917.725733
0.6,336406.381749,362173.375432
0.6,338907.892548,363727.641761
0.6,339095.238231,364058.72842
0.6,339175.987409,364566.542695
0.6,339046.74227,365537.007235
0.6,338759.821733,366190.392044
0.6,338468.920842,366662.732595
0.6,336288.641361,369143.611226
0.6,332050.642346,372672.17325
0.6,331438.909019,372942.560193
0.6,328930.56055,373445.076099
0.6,327747.903531,374057.14026
0.6,327776.401889,375935.045555
0.6,327036.615609,377245.756983
0.6,326046.529489,379004.1923
0.6,324488.012967,382478.80298
0.6,322133.86161,385681.741772
0.6,321251.801077,387367.068628
0.6,321204.684401,389092.957753
0.6,321942.699343,390190.062489
0.6,323165.4831,390840.186837
0.6,326006.898338,391229.603959
0.6,327372.640324,391733.674042
0.6,329791.889893,393630.493242
0.6,331298.614145,393495.181737
0.6,332823.354213,391576.21895
0.6,336623.051799,381201.156594
0.6,337789.088345,379578.505918
0.6,339407.980468,378095.243491
0.6,341333.443084,377188.260893
0.6,343395.904955,377244.751788
0.6,343463.749061,377474.836463
0.6,343550.870355,377958.221642
0.6,343784.678428,378462.507643
0.6,344281.720264,378755.455288
0.6,344877.79602,378707.757914
0.6,345886.010249,378175.534622
0.6,346367.248352,378038.789225
0.6,347458.517095,378121.671415
0.6,348413.354231,378382.843499
0.6,350249.762489,379449.787003
0.6,349896.09129,380879.574695
0.6,350091.105473,381896.143344
0.6,350613.972137,382660.299189
0.6,351197.81365,383310.702922
0.6,351750.388753,383033.417957
0.6,352330.959359,383109.037774
0.6,352922.603065,383483.412364
0.6,353516.593826,384106.831105
0.6,352563.835348,384179.647413
0.6,349207.599721,383413.085587
0.6,348471.179104,382959.248175
0.6,347987.345071,381334.717166
0.6,346820.781418,380754.570281
0.6,346119.652289,380839.437731
0.6,343902.734274,381109.584628
0.6,341064.881244,382216.94334
0.6,338525.27385,384078.229887
0.6,336426.984982,386392.257329
0.6,334871.79453,388885.394798
0.6,327433.10535,405859.38291
0.6,327103.512138,407390.349293
0.6,327289.211141,408940.527602
0.6,328099.992736,410675.817606
0.6,332559.333876,417854.20555
0.6,336136.759158,422390.754922
0.6,336690.168544,422777.158484
0.6,337275.344074,423937.442915
0.6,339958.519023,425790.321511
0.6,340791.974615,426934.263282
0.6,335132.269274,427081.757279
0.6,332732.213268,428197.805586
0.6,330943.817112,430863.639174
0.6,330524.634734,434600.876689
0.6,331403.946018,442982.721728
0.6,330679.45038,446072.510795
0.6,331755.711868,447990.054698
0.6,333286.893675,448905.11556
0.6,339349.369249,451131.223445
0.6,340429.762871,451244.011101
0.6,341283.629564,450553.95154
0.6,341777.964646,450357.555565
0.6,341992.498864,450852.931781
0.6,342222.481316,451520.183014
0.6,342742.157116,452084.2481
0.6,343340.018079,452502.523138
0.6,343812.686078,452732.2201
0.6,343088.63372,453990.730725
0.6,345397.783232,456299.308089
0.6,345706.971714,458097.745005
0.6,344552.987813,457260.187795
0.6,343411.455416,456821.210035
0.6,341400.512119,456628.874788
0.6,341089.485488,456922.6049
0.6,340085.850066,459339.806237
0.6,339958.463577,460206.293482
0.6,340419.616997,460829.715867
0.6,341114.067082,461368.70359
0.6,341691.538794,461940.961515
0.6,342991.752192,464315.4845
0.6,343907.081124,465350.227114
0.6,346017.582298,466194.428968
0.6,346788.905755,467294.802159
0.6,348077.931267,470218.699614
0.6,346995.816275,471865.58122
0.6,345490.521741,474966.663255
0.6,344565.009538,476874.932533
0.6,344362.627368,477927.867219
0.6,345762.903304,478463.553562
0.6,347252.551899,479877.055224
0.6,348256.433841,481821.71312
0.6,348232.838541,483963.701001
0.6,347787.421882,483968.746354
0.6,347519.107758,482300.986522
0.6,346575.342169,480980.644326
0.6,344619.880732,479446.166137
0.6,342268.420965,478198.187947
0.6,341064.19687,477253.514449
0.6,340525.799333,476074.093457
0.6,339999.538019,474419.129262
0.6,338761.797753,473661.12094
0.6,335819.846905,473483.814483
0.6,334947.699744,474211.491133
0.6,334080.820813,475844.897975
0.6,333715.94622,477625.185562
0.6,334329.607805,478757.489598
0.6,333878.277633,480049.964677
0.6,333299.506256,481136.041413
0.6,332571.805384,481635.709407
0.6,331689.95809,481214.018891
0.6,331961.793215,479679.437987
0.6,331731.685865,478125.131554
0.6,331338.415299,476681.945373
0.6,331118.173766,475453.554596
0.6,330817.427264,474534.302013
0.6,328839.397732,472064.826101
0.6,327697.111735,469755.06111
0.6,327009.79395,468683.622006
0.6,325206.318195,467734.373941
0.6,325042.142618,466473.635935
0.6,325217.357903,464962.871717
0.6,325133.009644,463700.84331
0.6,322886.090244,466971.015922
0.6,322291.447537,467542.501255
0.6,321249.627824,467632.603403
0.6,320349.247741,467897.108613
0.6,319602.054526,468394.601988
0.6,318971.910554,469184.516137
0.6,319188.236615,470901.547707
0.6,319585.67119,472796.567478
0.6,319573.929813,474408.91817
0.6,318592.625403,475277.514195
0.6,318606.065887,476038.071355
0.6,320785.192369,476688.405639
0.6,321390.213664,479915.904933
0.6,321306.03714,483680.539897
0.6,321453.324562,485933.228381
0.6,320417.312938,485353.301919
0.6,319861.66805,484203.651916
0.6,319186.780407,481416.816041
0.6,319721.881325,479233.739762
0.6,318736.124371,478739.318593
0.6,317238.735383,478897.335533
0.6,316199.666753,478703.295991
0.6,314832.263708,478135.145137
0.6,313441.516406,479592.159198
0.6,311176.616959,483838.044843
0.6,309289.120864,486311.454434
0.6,308460.103965,487813.391747
0.6,308135.532555,489604.276431
0.6,308316.832784,490456.616669
0.6,308620.929812,491360.860365
0.6,308762.443599,492349.877579
0.6,308317.679046,493939.361984
0.6,308210.822455,495078.274044
0.6,308027.389085,495299.346979
0.6,306492.9968,496091.312315
0.6,304374.101179,500781.97246
0.6,302881.595236,502185.795221
0.6,296964.774504,510916.808155
0.6,295923.521164,511515.728944
0.6,295605.316252,511898.961722
0.6,294962.469235,513521.730931
0.6,294300.334624,514293.500126
0.6,294796.47063,515119.967276
0.6,295502.144519,515900.896934
0.6,295808.337165,516156.58287
0.6,297270.097679,519986.976842
0.6,299176.188828,528640.847666
0.6,301460.111616,533631.843246
0.6,302429.889218,536373.769332
0.6,302891.288581,537342.184477
0.6,303446.64976,537810.392136
0.6,304865.341461,538328.322925
0.6,305567.272633,538802.752113
0.6,306407.09907,539867.768942
0.6,307466.119341,541675.76812
0.6,308061.691598,543778.778166
0.6,307509.063807,545678.835968
0.6,309737.896818,552155.81959
0.6,311057.187092,555173.204415
0.6,312596.34256,556972.792772
0.6,313854.586263,557251.904803
0.6,314587.034847,556653.619867
0.6,315252.512206,555816.676828
0.6,316288.766312,555385.062993
0.6,316979.340849,555453.755368
0.6,319641.223301,556841.00659
0.6,318838.618442,557489.540048
0.6,315665.963767,559196.737526
0.6,317352.956632,560986.035511
0.6,318325.985265,561720.024064
0.6,322376.709348,562870.800077
0.6,323177.678533,562612.408106
0.6,323642.541635,562205.896642
0.6,323999.553594,561737.859454
0.6,324493.102887,561321.895888
0.6,326872.735469,560471.710441
0.6,328153.898861,560355.863295
0.6,333512.09957,561885.341889
0.6,334657.584993,562674.590236
0.6,330246.027795,562741.198553
0.6,330257.887799,563501.865325
0.6,331490.786266,563691.138524
0.6,332479.912247,564310.133025
0.6,333465.394017,564702.953622
0.6,334679.808028,564195.935973
0.6,334691.913229,565024.527458
0.6,333137.640561,565781.17553
0.6,332881.431335,565717.083376
0.6,332880.867811,565716.937874
0.6,333190.007544,567735.943591
0.6,334045.287105,569454.467502
0.6,334121.808028,569936.473883
0.6,334267.377079,572861.909275
0.6,334544.411324,573398.487745
0.6,334884.095255,573594.820016
0.6,335250.515353,573474.449648
0.6,337662.545071,572168.970276
0.6,338110.54076,572082.208406
0.6,339146.692603,572251.995758
0.6,339487.422954,572534.933575
0.6,339759.549262,572876.338137
0.6,340854.786801,575277.294051
0.6,341202.768628,575635.03027
0.6,343262.414259,576563.051764
0.6,343724.055103,576931.035215
0.6,344216.179793,577499.983112
0.6,344439.111263,577917.048217
0.6,345856.160721,579985.2011
0.6,347661.101968,582622.862928
0.6,348580.161195,583313.79655
0.6,349698.701386,583611.558748
0.6,352525.8069,584908.980052
0.6,354300.082352,586115.374735
0.6,355679.736584,587452.920351
0.6,356486.541273,588719.842225
0.6,358015.096885,591122.483111
0.6,359134.311719,591957.442197
0.6,359939.758603,592312.405087
0.6,360311.547891,592711.640535
0.6,360542.506547,593175.42412
0.6,360728.158012,594093.969042
0.6,360771.059547,594484.672433
0.6,360743.939538,594760.972746
0.6,360647.883609,595043.637641
0.6,360480.1345,595390.209367
0.6,360326.686941,595863.187071
0.6,360330.5794,596662.577562
0.6,360505.207642,597092.357805
0.6,360767.842652,597452.347082
0.6,361634.213468,598146.388956
0.6,365092.19112,602390.848576
0.6,370760.988096,607473.890039
0.6,371451.083025,607797.173611
0.6,373048.191264,608080.402126
0.6,373934.917118,607914.020815
0.6,374284.407116,607739.426933
0.6,374874.668369,607270.16903
0.6,375102.371492,606981.315804
0.6,375501.353302,606846.797326
0.6,376048.808411,606895.539941
0.6,377311.004785,607670.994421
0.6,377828.162182,608231.963709
0.6,378155.379654,608822.689943
0.6,378415.752692,609822.099284
0.6,378654.326525,610401.797202
0.6,379103.597237,611245.051446
0.6,379504.703784,611622.733701
0.6,381377.143241,612459.794095
0.6,382038.038732,613227.685673
0.6,382865.263895,613926.007691
0.6,384659.183216,614287.420499
0.6,385406.111511,614629.930278
0.6,386723.605867,615505.648549
0.6,387533.837109,616388.931702
0.6,388163.917062,617255.595911
0.6,388430.181709,617818.491622
0.6,388539.337754,618312.800774
0.6,388533.937636,618744.150367
0.6,388433.649239,619123.990962
0.6,388284.248597,619457.956967
0.6,388053.025886,619728.889205
0.6,386661.272633,621849.357616
0.6,386531.744294,622200.578082
0.6,386464.21452,622534.356124
0.6,386465.2869,622879.423847
0.6,386482.055999,623023.151485
0.6,386495.720234,623218.649562
0.6,386477.188185,623558.027328
0.6,386393.455052,623920.613568
0.6,385751.573034,625251.195215
0.6,384933.666596,626501.9637
0.6,383900.319607,628449.581685
0.6,382858.44124,631306.189714
0.6,382669.22628,632066.1095
0.6,382615.499912,632480.41703
0.6,382529.074372,632860.349048
0.6,382364.312801,633194.589584
0.6,381615.277015,633979.869887
0.6,381411.383194,634274.053928
0.6,381259.908443,634637.037409
0.6,381222.676639,635062.79622
0.6,381123.479136,635460.067768
0.6,380870.585037,635691.226639
0.6,379864.240232,636282.408373
0.6,379644.219956,636559.497958
0.6,379486.301584,636888.06756
0.6,379400.483775,637319.825579
0.6,379386.396877,637780.001565
0.6,379447.625557,638343.345755
0.6,379705.907418,638618.197516
0.6,380025.825169,638864.023722
0.6,380797.778158,639102.099487
0.6,383272.998595,639109.108701
0.6,384184.472338,639318.489157
0.6,384816.513047,639626.802103
0.6,385270.393266,640165.861789
0.6,388711.301683,645360.486425
0.6,389047.639042,646072.789017
0.6,389325.838398,646952.05144
0.6,389573.668766,647400.052332
0.6,389866.594299,647721.430433
0.6,390458.398983,648180.188616
0.6,391112.27634,648897.710589
0.6,391443.818442,649164.477069
0.6,392470.079297,649642.794568
0.6,392775.42408,649849.31885
0.6,394322.048307,651537.894382
0.6,394624.408362,652124.144923
0.6,394787.216958,652670.325745
0.6,394970.791287,654361.019927
0.6,395175.971993,655232.122397
0.6,395480.980653,655611.380634
0.6,395837.630085,655843.947772
0.6,398665.707592,656912.138689
0.6,399491.79474,655281.734729
0.6,407777.487329,644609.884214
0.6,408703.388093,642021.244047
0.6,409340.985397,640654.90832
0.6,410700.167299,639697.929649
0.6,411045.268225,638910.804554
0.6,411323.926267,638109.95062